level	tense	en	thai
A1	present-simple	I drink water every morning.	ฉันดื่มน้ำทุกเช้า
A1	present-simple	She lives in a big city.	เธออาศัยอยู่ในเมืองใหญ่
A1	present-simple	We go to school by bus.	เราไปโรงเรียนด้วยรถบัส
A1	present-simple	My brother likes football.	พี่ชายของฉันชอบฟุตบอล
A1	present-simple	The shop opens at nine o'clock.	ร้านเปิดตอนเก้าโมง
A1	present-simple	They don't eat meat.	พวกเขาไม่กินเนื้อสัตว์
A1	present-continuous	I am reading a book now.	ตอนนี้ฉันกำลังอ่านหนังสือ
A1	present-continuous	She is cooking dinner in the kitchen.	เธอกำลังทำอาหารเย็นอยู่ในครัว
A1	present-continuous	The children are playing in the park.	เด็ก ๆ กำลังเล่นอยู่ในสวนสาธารณะ
A1	present-continuous	It is raining outside.	ข้างนอกฝนกำลังตก
A1	present-continuous	We are watching a film.	เรากำลังดูภาพยนตร์
A1	present-continuous	He is not sleeping.	เขาไม่ได้กำลังนอนหลับ
A1	past-simple	I visited my grandmother yesterday.	เมื่อวานฉันไปเยี่ยมคุณยาย
A1	past-simple	We played tennis last weekend.	เราเล่นเทนนิสเมื่อสุดสัปดาห์ที่แล้ว
A1	past-simple	She was at home last night.	เมื่อคืนเธออยู่ที่บ้าน
A1	past-simple	They went to the beach in July.	พวกเขาไปทะเลในเดือนกรกฎาคม
A1	past-simple	He bought a new phone.	เขาซื้อโทรศัพท์เครื่องใหม่
A1	past-simple	Did you see the cat?	คุณเห็นแมวตัวนั้นไหม
A1	future-simple	I will call you tomorrow.	พรุ่งนี้ฉันจะโทรหาคุณ
A1	future-simple	It will be sunny this afternoon.	บ่ายนี้อากาศจะแจ่มใส
A1	future-simple	We are going to visit the museum.	เราจะไปเที่ยวพิพิธภัณฑ์
A1	future-simple	She is going to buy a new dress.	เธอจะซื้อชุดใหม่
A1	future-simple	They will help you.	พวกเขาจะช่วยคุณ
A1	future-simple	I will be ready at six.	ฉันจะพร้อมตอนหกโมง
A2	present-simple	My father usually works from home on Fridays.	พ่อของฉันมักทำงานที่บ้านในวันศุกร์
A2	present-simple	The library closes at eight in the evening.	ห้องสมุดปิดตอนสองทุ่ม
A2	present-simple	Do you often travel by train?	คุณเดินทางด้วยรถไฟบ่อยไหม
A2	present-simple	Water boils at one hundred degrees.	น้ำเดือดที่หนึ่งร้อยองศา
A2	present-simple	She never forgets my birthday.	เธอไม่เคยลืมวันเกิดของฉัน
A2	present-continuous	I am looking for my keys.	ฉันกำลังหากุญแจอยู่
A2	present-continuous	We are staying at a small hotel this week.	สัปดาห์นี้เราพักที่โรงแรมเล็ก ๆ
A2	present-continuous	My sister is learning to drive.	พี่สาวของฉันกำลังเรียนขับรถ
A2	present-continuous	Why are you wearing a coat today?	ทำไมวันนี้คุณใส่เสื้อโค้ท
A2	present-continuous	Prices are going up every month.	ราคาสินค้ากำลังสูงขึ้นทุกเดือน
A2	past-simple	We had a long journey by train.	เราเดินทางไกลด้วยรถไฟ
A2	past-simple	I lost my wallet on the way to work.	ฉันทำกระเป๋าสตางค์หายระหว่างทางไปทำงาน
A2	past-simple	The film started at half past seven.	ภาพยนตร์เริ่มตอนหนึ่งทุ่มครึ่ง
A2	past-simple	She didn't enjoy the party.	เธอไม่สนุกกับงานปาร์ตี้
A2	past-simple	Where did you stay last summer?	ฤดูร้อนที่แล้วคุณพักที่ไหน
A2	past-continuous	I was walking home when it started to rain.	ฉันกำลังเดินกลับบ้านตอนที่ฝนเริ่มตก
A2	past-continuous	They were having dinner at eight o'clock.	ตอนสองทุ่มพวกเขากำลังกินอาหารเย็นอยู่
A2	past-continuous	She was talking on the phone all evening.	เธอคุยโทรศัพท์อยู่ตลอดทั้งเย็น
A2	past-continuous	What were you doing last night?	เมื่อคืนคุณกำลังทำอะไรอยู่
A2	past-continuous	The sun was shining and the birds were singing.	แดดกำลังส่องและนกกำลังร้องเพลง
A2	present-perfect	I have never been to Japan.	ฉันไม่เคยไปญี่ปุ่น
A2	present-perfect	She has already finished her homework.	เธอทำการบ้านเสร็จแล้ว
A2	present-perfect	Have you ever tried Thai food?	คุณเคยลองอาหารไทยไหม
A2	present-perfect	We have lived here for five years.	เราอาศัยอยู่ที่นี่มาห้าปีแล้ว
A2	present-perfect	He has just left the office.	เขาเพิ่งออกจากออฟฟิศไป
A2	future-simple	I think it will rain tomorrow.	ฉันคิดว่าพรุ่งนี้ฝนจะตก
A2	future-simple	Don't worry, I will help you with your bags.	ไม่ต้องห่วง ฉันจะช่วยถือกระเป๋าให้
A2	future-simple	We are going to move to a new flat next month.	เดือนหน้าเราจะย้ายไปอพาร์ตเมนต์ใหม่
A2	future-simple	The train will arrive in ten minutes.	รถไฟจะมาถึงในอีกสิบนาที
A2	future-simple	Will you come to my party on Saturday?	คุณจะมางานปาร์ตี้ของฉันวันเสาร์ไหม
B1	present-perfect	I have recommended this book to all my friends.	ฉันแนะนำหนังสือเล่มนี้ให้เพื่อนทุกคนแล้ว
B1	present-perfect	The company has opened three new branches this year.	ปีนี้บริษัทเปิดสาขาใหม่สามแห่งแล้ว
B1	present-perfect	Have you decided where to go on holiday?	คุณตัดสินใจได้หรือยังว่าจะไปเที่ยวที่ไหน
B1	present-perfect	She has worked as a nurse since she left university.	เธอทำงานเป็นพยาบาลตั้งแต่เรียนจบมหาวิทยาลัย
B1	present-perfect	We haven't received any information yet.	เรายังไม่ได้รับข้อมูลใด ๆ เลย
B1	present-perfect-continuous	I have been waiting for the bus for twenty minutes.	ฉันรอรถบัสมายี่สิบนาทีแล้ว
B1	present-perfect-continuous	She has been studying English since she was ten.	เธอเรียนภาษาอังกฤษมาตั้งแต่อายุสิบขวบ
B1	present-perfect-continuous	It has been raining all morning.	ฝนตกมาตลอดทั้งเช้า
B1	present-perfect-continuous	They have been planning the wedding for months.	พวกเขาวางแผนงานแต่งงานมาหลายเดือนแล้ว
B1	present-perfect-continuous	How long have you been living in this area?	คุณอาศัยอยู่ในย่านนี้มานานเท่าไรแล้ว
B1	past-continuous	While I was cooking, someone knocked on the door.	ขณะที่ฉันกำลังทำอาหาร มีคนมาเคาะประตู
B1	past-continuous	The students were discussing the project when the teacher arrived.	นักเรียนกำลังอภิปรายเรื่องโครงงานตอนที่ครูมาถึง
B1	past-continuous	He was driving too fast and had an accident.	เขากำลังขับรถเร็วเกินไปและเกิดอุบัติเหตุ
B1	past-continuous	At midnight we were still working on the report.	ตอนเที่ยงคืนเรายังคงทำรายงานกันอยู่
B1	past-continuous	She wasn't listening when I explained the rules.	เธอไม่ได้ฟังตอนที่ฉันอธิบายกฎ
B1	past-perfect	When we arrived, the film had already started.	ตอนที่เรามาถึง ภาพยนตร์ได้เริ่มไปแล้ว
B1	past-perfect	I had never seen the sea before that trip.	ก่อนการเดินทางครั้งนั้น ฉันไม่เคยเห็นทะเลมาก่อน
B1	past-perfect	She realised that she had left her passport at home.	เธอรู้ตัวว่าลืมหนังสือเดินทางไว้ที่บ้าน
B1	past-perfect	They had finished dinner before the guests came.	พวกเขากินอาหารเย็นเสร็จก่อนที่แขกจะมา
B1	past-perfect	Had you met him before the interview?	คุณเคยพบเขามาก่อนการสัมภาษณ์ไหม
B1	future-simple	I promise I will send you the photos tonight.	ฉันสัญญาว่าจะส่งรูปให้คุณคืนนี้
B1	future-simple	Technology will change the way we learn.	เทคโนโลยีจะเปลี่ยนวิธีการเรียนรู้ของเรา
B1	future-simple	If you study hard, you will pass the exam.	ถ้าคุณตั้งใจเรียน คุณจะสอบผ่าน
B1	future-simple	Look at those clouds. It's going to rain.	ดูเมฆพวกนั้นสิ ฝนกำลังจะตก
B1	future-simple	Our town is going to build a new sports centre.	เมืองของเรากำลังจะสร้างศูนย์กีฬาแห่งใหม่
B1	future-continuous	This time tomorrow, I will be flying to London.	เวลานี้ของพรุ่งนี้ ฉันจะกำลังบินไปลอนดอน
B1	future-continuous	Don't call at eight because we will be having dinner.	อย่าโทรมาตอนสองทุ่มนะ เพราะเราจะกำลังกินข้าวเย็นอยู่
B1	future-continuous	She will be working late all next week.	ตลอดสัปดาห์หน้าเธอจะทำงานดึก
B1	future-continuous	Will you be using the car this evening?	เย็นนี้คุณจะใช้รถไหม
B1	future-continuous	In ten years, people will be living in smarter cities.	ในอีกสิบปี ผู้คนจะใช้ชีวิตอยู่ในเมืองที่ฉลาดขึ้น
B2	present-perfect-continuous	Researchers have been studying the effects of social media on teenagers.	นักวิจัยศึกษาผลกระทบของโซเชียลมีเดียต่อวัยรุ่นมาอย่างต่อเนื่อง
B2	present-perfect-continuous	I've been feeling exhausted since I started the new job.	ฉันรู้สึกเหนื่อยล้ามาตั้งแต่เริ่มงานใหม่
B2	present-perfect-continuous	The government has been negotiating with the unions for weeks.	รัฐบาลเจรจากับสหภาพแรงงานมาหลายสัปดาห์แล้ว
B2	present-perfect-continuous	House prices have been rising steadily in the capital.	ราคาบ้านในเมืองหลวงสูงขึ้นอย่างต่อเนื่อง
B2	present-perfect-continuous	What have you been doing to improve your pronunciation?	คุณทำอะไรมาบ้างเพื่อพัฒนาการออกเสียง
B2	past-perfect	By the time the police arrived, the thieves had disappeared.	กว่าตำรวจจะมาถึง พวกขโมยก็หายไปแล้ว
B2	past-perfect	She had read the contract thoroughly before she signed it.	เธออ่านสัญญาอย่างละเอียดก่อนที่จะเซ็น
B2	past-perfect	The meeting had barely begun when the fire alarm went off.	การประชุมเพิ่งเริ่มได้ไม่นาน สัญญาณเตือนไฟไหม้ก็ดังขึ้น
B2	past-perfect	He admitted that he had made a serious mistake.	เขายอมรับว่าได้ทำผิดพลาดร้ายแรง
B2	past-perfect	Until that moment, I had not appreciated how difficult the task was.	จนกระทั่งถึงตอนนั้น ฉันไม่เคยตระหนักเลยว่างานนั้นยากเพียงใด
B2	past-perfect-continuous	They had been negotiating for hours before they reached an agreement.	พวกเขาเจรจากันมาหลายชั่วโมงก่อนจะบรรลุข้อตกลง
B2	past-perfect-continuous	Her eyes were red because she had been crying.	ตาของเธอแดงเพราะเธอร้องไห้มา
B2	past-perfect-continuous	I had been working there for three years when the company closed.	ฉันทำงานที่นั่นมาสามปีแล้วตอนที่บริษัทปิดตัวลง
B2	past-perfect-continuous	The roads were wet because it had been raining all night.	ถนนเปียกเพราะฝนตกมาทั้งคืน
B2	past-perfect-continuous	How long had you been waiting when the doctor finally saw you?	คุณรอมานานแค่ไหนกว่าหมอจะได้ตรวจคุณ
B2	future-continuous	At this time next year, I will be studying abroad.	เวลานี้ของปีหน้า ฉันจะกำลังเรียนอยู่ต่างประเทศ
B2	future-continuous	The manager will be interviewing candidates all afternoon.	ผู้จัดการจะสัมภาษณ์ผู้สมัครตลอดทั้งบ่าย
B2	future-continuous	Passengers will be boarding the plane in a few minutes.	ผู้โดยสารจะขึ้นเครื่องในอีกไม่กี่นาที
B2	future-continuous	Will you be attending the conference in March?	คุณจะเข้าร่วมการประชุมในเดือนมีนาคมไหม
B2	future-continuous	Don't worry, I won't be needing the laptop tonight.	ไม่ต้องห่วง คืนนี้ฉันจะไม่ต้องใช้แล็ปท็อป
B2	future-perfect	By the end of the month, we will have completed the project.	ภายในสิ้นเดือน เราจะทำโครงการเสร็จเรียบร้อยแล้ว
B2	future-perfect	She will have graduated by the time you return.	กว่าคุณจะกลับมา เธอก็จะเรียนจบแล้ว
B2	future-perfect	Scientists hope they will have found a cure within ten years.	นักวิทยาศาสตร์หวังว่าจะค้นพบวิธีรักษาได้ภายในสิบปี
B2	future-perfect	Will you have finished the report by Friday?	คุณจะเขียนรายงานเสร็จภายในวันศุกร์ไหม
B2	future-perfect	By the time we get there, the concert will have started.	กว่าเราจะไปถึง คอนเสิร์ตก็คงเริ่มไปแล้ว
B2	future-perfect-continuous	By June, I will have been working here for ten years.	พอถึงเดือนมิถุนายน ฉันจะทำงานที่นี่มาครบสิบปี
B2	future-perfect-continuous	By the time the guests arrive, she will have been cooking for six hours.	กว่าแขกจะมาถึง เธอจะทำอาหารมาแล้วหกชั่วโมง
B2	future-perfect-continuous	Next month they will have been living together for a year.	เดือนหน้าพวกเขาจะอยู่ด้วยกันมาครบหนึ่งปี
B2	future-perfect-continuous	By midnight, the team will have been negotiating for twelve hours.	พอถึงเที่ยงคืน ทีมจะเจรจามาแล้วสิบสองชั่วโมง
B2	future-perfect-continuous	How long will you have been studying English by the end of this course?	พอจบคอร์สนี้ คุณจะเรียนภาษาอังกฤษมานานเท่าไรแล้ว
C1	present-simple	Smartphones are ubiquitous in modern life.	สมาร์ทโฟนมีอยู่ทั่วไปในชีวิตยุคใหม่
C1	present-simple	The theory rests on a number of questionable assumptions.	ทฤษฎีนี้ตั้งอยู่บนสมมติฐานหลายข้อที่น่าสงสัย
C1	present-simple	Critics argue that the policy disproportionately affects the poor.	นักวิจารณ์โต้แย้งว่านโยบายนี้ส่งผลกระทบต่อคนยากจนอย่างไม่ได้สัดส่วน
C1	present-continuous	The organisation is currently reassessing its long-term strategy.	ปัจจุบันองค์กรกำลังประเมินกลยุทธ์ระยะยาวใหม่
C1	present-continuous	More and more employees are demanding flexible working arrangements.	พนักงานจำนวนมากขึ้นเรื่อย ๆ กำลังเรียกร้องรูปแบบการทำงานที่ยืดหยุ่น
C1	present-continuous	Scientists are exploring the ethical implications of artificial intelligence.	นักวิทยาศาสตร์กำลังสำรวจผลกระทบเชิงจริยธรรมของปัญญาประดิษฐ์
C1	present-perfect	The findings have challenged the prevailing paradigm.	ผลการวิจัยได้ท้าทายกระบวนทัศน์ที่มีอยู่เดิม
C1	present-perfect	Few governments have addressed the issue with any real conviction.	มีรัฐบาลเพียงไม่กี่แห่งที่จัดการกับปัญหานี้อย่างจริงจัง
C1	present-perfect	The artist has consistently defied conventional expectations.	ศิลปินผู้นี้ฉีกความคาดหวังแบบเดิม ๆ มาโดยตลอด
C1	present-perfect-continuous	Economists have been warning about rising inequality for decades.	นักเศรษฐศาสตร์เตือนเรื่องความเหลื่อมล้ำที่เพิ่มขึ้นมาหลายทศวรรษแล้ว
C1	present-perfect-continuous	The committee has been deliberating on the proposal since early morning.	คณะกรรมการพิจารณาข้อเสนอนี้มาตั้งแต่เช้าตรู่
C1	present-perfect-continuous	I have been meaning to thank you for your meticulous feedback.	ฉันตั้งใจจะขอบคุณสำหรับคำติชมที่ละเอียดถี่ถ้วนของคุณมาตลอด
C1	past-simple	His meticulous research challenged the paradigm.	งานวิจัยอันพิถีพิถันของเขาท้าทายกระบวนทัศน์เดิม
C1	past-simple	The reforms triggered a wave of protests across the country.	การปฏิรูปจุดชนวนให้เกิดการประท้วงทั่วประเทศ
C1	past-simple	She articulated her concerns with remarkable clarity.	เธอแสดงความกังวลออกมาได้ชัดเจนอย่างน่าทึ่ง
C1	past-continuous	While the negotiations were dragging on, the economy was deteriorating.	ขณะที่การเจรจายืดเยื้อ เศรษฐกิจก็กำลังทรุดลง
C1	past-continuous	The audience was hanging on her every word.	ผู้ชมกำลังตั้งใจฟังทุกคำที่เธอพูด
C1	past-continuous	At the time, many experts were questioning the reliability of the data.	ในเวลานั้น ผู้เชี่ยวชาญหลายคนกำลังตั้งคำถามถึงความน่าเชื่อถือของข้อมูล
C1	past-perfect	It emerged that the minister had misled parliament.	ต่อมาปรากฏว่ารัฐมนตรีได้ให้ข้อมูลที่ทำให้รัฐสภาเข้าใจผิด
C1	past-perfect	By the time the scandal broke, the director had already resigned.	กว่าเรื่องอื้อฉาวจะแดงขึ้น ผู้อำนวยการก็ลาออกไปแล้ว
C1	past-perfect	Had they anticipated the backlash, they would have acted differently.	หากพวกเขาคาดการณ์กระแสต่อต้านไว้ล่วงหน้า พวกเขาคงทำต่างไปจากนี้
C1	past-perfect-continuous	The two sides had been negotiating in secret for months before the deal was announced.	ทั้งสองฝ่ายเจรจากันอย่างลับ ๆ มาหลายเดือนก่อนที่จะประกาศข้อตกลง
C1	past-perfect-continuous	She had been contemplating a career change long before she was made redundant.	เธอครุ่นคิดเรื่องเปลี่ยนสายอาชีพมานานก่อนที่จะถูกเลิกจ้าง
C1	past-perfect-continuous	The villagers had been campaigning against the dam for years.	ชาวบ้านรณรงค์ต่อต้านเขื่อนมาหลายปี
C1	future-simple	Automation will inevitably transform the labour market.	ระบบอัตโนมัติจะเปลี่ยนแปลงตลาดแรงงานอย่างหลีกเลี่ยงไม่ได้
C1	future-simple	I doubt the new regulations will have much impact.	ฉันไม่คิดว่ากฎระเบียบใหม่จะส่งผลกระทบมากนัก
C1	future-simple	The board is going to unveil its restructuring plan next week.	คณะกรรมการบริหารจะเปิดเผยแผนปรับโครงสร้างในสัปดาห์หน้า
C1	future-continuous	This time next year, the company will be operating in twelve countries.	เวลานี้ของปีหน้า บริษัทจะดำเนินธุรกิจอยู่ในสิบสองประเทศ
C1	future-continuous	Delegates will be scrutinising every clause of the agreement.	ผู้แทนจะตรวจสอบทุกข้อของข้อตกลงอย่างละเอียด
C1	future-continuous	We will be monitoring the situation closely over the coming weeks.	เราจะเฝ้าติดตามสถานการณ์อย่างใกล้ชิดในช่วงหลายสัปดาห์ข้างหน้า
C1	future-perfect	By the end of the decade, renewable energy will have overtaken coal.	ภายในสิ้นทศวรรษนี้ พลังงานหมุนเวียนจะแซงหน้าถ่านหินไปแล้ว
C1	future-perfect	By the time the report is published, the data will have become obsolete.	กว่ารายงานจะได้ตีพิมพ์ ข้อมูลก็จะล้าสมัยไปแล้ว
C1	future-perfect	Surely they will have reached a consensus by tomorrow.	พรุ่งนี้พวกเขาคงหาข้อสรุปร่วมกันได้แล้วแน่ ๆ
C1	future-perfect-continuous	By next spring, the team will have been developing the software for three years.	พอถึงฤดูใบไม้ผลิหน้า ทีมจะพัฒนาซอฟต์แวร์นี้มาครบสามปี
C1	future-perfect-continuous	By the time she retires, she will have been teaching for four decades.	เมื่อถึงเวลาเกษียณ เธอจะสอนหนังสือมาสี่ทศวรรษ
C1	future-perfect-continuous	In June, the scientists will have been monitoring the glacier for twenty years.	ในเดือนมิถุนายน นักวิทยาศาสตร์จะเฝ้าติดตามธารน้ำแข็งนี้มาครบยี่สิบปี
